id,date_flagged,exercise,muscle_group,issue_type,description,status,ai_advice
1,2025-10-14,squats,Legs,Problem,"Dull ache in the left patellar tendon during heavy sets above 90kg.",Rectified,"Rest for 1 week and incorporate patellar tendon mobilization before squatting."
2,2025-11-05,romanian_deadlift,Legs,Stall,"Stalled at 85kg for 4 consecutive sessions due to grip slipping.",Rectified,"Adopt mixed grip or lifting straps to bypass forearm fatigue limitation."
3,2025-12-02,bulgarian_split_squats,Legs,Problem,"Right hip flexor pinch at the bottom of the movement.",Rectified,"Reduce front foot elevation and focus on a vertical shin angle to clear impingement."
4,2026-01-18,barbell_bench_press,Push,Stall,"Performance has not progressed beyond 80kg despite repeated exposure. Latest session reached 8 and 7 reps.",Active,"Introduce micro-plates or modify linear periodization block."
5,2026-01-18,dumbell_bench_press,Push,Decline,"Dropped from 30kg x 10,10 to 30kg x 9,9 with no problem recorded.",Active,"Monitor shoulder stability; reduce weight slightly if form degrades."
6,2026-01-18,Lateral_raises,Push,Problem,"Mild right shoulder pain appeared during later repetitions.",Active,"Drop weight by 2kg and strictly avoid going above shoulder height."
7,2026-01-20,weighted_pullups,Pull,Stall,"Performance repeated at +20kg for 7,6 reps across sessions without upward progression.",Active,"Incorporate eccentric overload or adjust rest periods."
8,2026-01-22,squats,Legs,Problem,"Sharp patellar tendon pinch felt on the right knee during the descent, echoing the late 2025 issue.",Active,"Reduce squat depth slightly, monitor knee tracking, and take extra warm-up sets."
9,2026-01-22,romanian_deadlift,Legs,Stall,"Stalled again at 90kg with grip fatigue recurring.",Active,"Ensure consistent strap usage on heavy working sets."

