plan_id,day_name,order,exercise,lower_reps,upper_reps,rir,weight_increment(kg),current_target_weight(kg),current_target_reps,start_date,end_date
plan_001,Push,1,barbell_bench_press,4,8,2,2.5,80.0,6,2026-01-01,2026-01-23
plan_001,Push,2,barbell_bench_press,4,8,1,2.5,80.0,8,2026-01-01,2026-01-23
plan_001,Push,3,dumbell_bench_press,8,12,2,2.5,30.0,8,2026-01-01,2026-01-23
plan_001,Push,4,dumbell_bench_press,8,12,1,2.5,30.0,9,2026-01-01,2026-01-23
plan_001,Push,5,chest_flys,10,12,2,2.5,17.5,10,2026-01-01,2026-01-23
plan_001,Push,6,chest_flys,10,12,1,2.5,17.5,12,2026-01-01,2026-01-23
plan_001,Push,7,seated_overhead_dumbell_press,6,10,2,2.5,22.5,8,2026-01-01,2026-01-23
plan_001,Push,8,seated_overhead_dumbell_press,6,10,1,2.5,22.5,8,2026-01-01,2026-01-23
plan_001,Push,9,Lateral_raises,12,20,1,1.25,10.0,15,2026-01-01,2026-01-23
plan_001,Push,10,weighted_dips,6,10,1,2.5,20.0,8,2026-01-01,2026-01-23
plan_001,Pull,1,weighted_pullups,4,8,2,2.5,20.0,6,2026-01-01,2026-01-23
plan_001,Pull,2,weighted_pullups,4,8,1,2.5,20.0,6,2026-01-01,2026-01-23
plan_001,Pull,3,lat_pulldowns,8,12,2,5.0,65.0,10,2026-01-01,2026-01-23
plan_001,Pull,4,lat_pulldowns,8,12,1,5.0,65.0,10,2026-01-01,2026-01-23
plan_001,Pull,5,standing_barbell_wide_rows,8,12,1,2.5,55.0,10,2026-01-01,2026-01-23
plan_001,Pull,6,chest_supported_rows,10,15,1,2.5,45.0,12,2026-01-01,2026-01-23
plan_001,Pull,7,standing_bicep_curls,8,12,1,2.5,15.0,10,2026-01-01,2026-01-23
plan_001,Legs,1,squats,4,8,2,5.0,100.0,6,2026-01-01,2026-01-23
plan_001,Legs,2,squats,4,8,1,5.0,100.0,6,2026-01-01,2026-01-23
plan_001,Legs,3,romanian_deadlift,6,10,2,5.0,90.0,8,2026-01-01,2026-01-23
plan_001,Legs,4,romanian_deadlift,6,10,1,5.0,90.0,8,2026-01-01,2026-01-23
plan_001,Legs,5,leg_curls,10,15,2,5.0,40.0,12,2026-01-01,2026-01-23
plan_001,Legs,6,leg_curls,10,15,1,5.0,40.0,12,2026-01-01,2026-01-23
plan_001,Legs,7,bulgarian_split_squats,8,12,2,2.5,20.0,10,2026-01-01,2026-01-23
plan_001,Legs,8,bulgarian_split_squats,8,12,1,2.5,20.0,10,2026-01-01,2026-01-23
plan_002,Upper_A,1,barbell_bench_press,4,7,2,2.5,82.5,8,2026-01-24,
plan_002,Upper_A,2,weighted_pullups,4,8,2,2.5,22.5,4,2026-01-24,
plan_002,Upper_A,3,seated_overhead_dumbell_press,6,10,2,2.5,22.5,8,2026-01-24,
plan_002,Upper_A,4,chest_supported_rows,8,12,2,2.5,45.0,11,2026-01-24,
plan_002,Upper_A,5,weighted_dips,6,10,1,2.5,20.0,8,2026-01-24,
plan_002,Upper_A,6,Lateral_raises,12,20,1,1.25,10.0,15,2026-01-24,
plan_002,Upper_A,7,tricep_pushdown,10,15,1,2.5,27.5,12,2026-01-24,
plan_002,Upper_A,8,standing_bicep_curls,8,12,1,2.5,15.0,10,2026-01-24,
plan_002,Upper_A,9,weighted_pullups,4,8,1,2.5,20.0,8,2026-01-24,
plan_002,Upper_A,10,chest_supported_rows,8,12,1,2.5,45.0,10,2026-01-24,
plan_002,Upper_A,11,lat_pulldowns,10,20,1,5.0,65.0,10,2026-01-24,
plan_002,Lower_A,1,squats,4,8,2,5.0,100.0,5,2026-01-24,
plan_002,Lower_A,2,romanian_deadlift,6,10,2,5.0,90.0,6,2026-01-24,
plan_002,Lower_A,3,leg_curls,10,15,1,5.0,40.0,10,2026-01-24,
plan_002,Lower_A,4,bulgarian_split_squats,8,12,1,2.5,20.0,10,2026-01-24,
